"id","repo_name","description","github_url","tech_stack","subject_id","display_name","primary_language","is_active","course_id","stars"
"1","DSA-W4-18052023","Repository cho các bài tập môn Cấu trúc dữ liệu và giải thuật - phần Cây của thầy Trần Doãn Thuyên","https://github.com/UIT-KTPM-2022-3-22521474/DSA-W4-18052023","","IT003","DSA-W4-18052023","C++","True","17","0"
"2","GizmoGlobe-Retailer_side","Repository cho nền tảng retailer cho phần báo cáo Đồ án 1 - Đồ án 2 - KLTN của sinh viên Tô Vĩnh Tiến & Đỗ Hồng Quân - KTPM2022 UIT.","https://github.com/GizmoGlobe-SE121-P11-UIT/GizmoGlobe-Retailer_side","","SE503","GizmoGlobe-Retailer_side","Dart","True","1070","1"
"3","GizmoGlobe-Client_side","Repository cho nền tảng client cho phần báo cáo Đồ án 1 - Đồ án 2 - KLTN của sinh viên Tô Vĩnh Tiến & Đỗ Hồng Quân - KTPM2022 UIT.","https://github.com/GizmoGlobe-SE121-P11-UIT/GizmoGlobe-Client_side","","SE503","GizmoGlobe-Client_side","Dart","True","1070","1"
"4","NET-SE310.P12-MotorStore","Repository cho phần bài thực hành 2 - ASP.NET & MVC môn Công nghệ .NET - SE310.P12 của thầy Nguyễn Trịnh Đông và cô Huỳnh Hồ Thị Mộng Trinh","https://github.com/UIT-KTPM-2022-3-22521474/NET-SE310.P12-MotorStore","","SE310","NET-SE310.P12-MotorStore","CSS","True","42","0"
"5","Java-BaiTapChuong3","Repository cho phần bài tập chương 3 môn Ngôn ngữ lập trình Java - SE330.O21 của thầy Lê Thanh Trọng","https://github.com/UIT-KTPM-2022-3-22521474/Java-BaiTapChuong3","","SE330","Java-BaiTapChuong3","Java","True","34","0"
"6","NET-SE310.P12-Farm-Management","Repository cho phần bài tập 1 ADO.NET - Quản lý trang trại môn Công nghệ .NET - SE310.P12 của thầy Nguyễn Trịnh Đông và cô Huỳnh Hồ Thị Mộng Trinh","https://github.com/UIT-KTPM-2022-3-22521474/NET-SE310.P12-Farm-Management","","SE310","NET-SE310.P12-Farm-Management","C#","True","42","0"
"7","ProgMethods-SE334.P21-Recipe","Repository cho phần ứng dụng bài tập thực hành 2 - môn Các phương pháp lập trình - SE334.P21 của thầy Nguyễn Duy Khánh.","https://github.com/FiveM-UIT/ProgMethods-SE334.P21-Recipe","","SE334","ProgMethods-SE334.P21-Recipe","JavaScript","True","36","0"
"8","MobileProgramming-MoneyTracking","Repository cho đồ án ứng dụng quản lý chi tiêu - Money Tracking của môn Lập trình trên thiết bị di động - SE346.O21 của thầy Huỳnh Tuấn Anh","https://github.com/UIT-KTPM-2022-3-22521474/MobileProgramming-MoneyTracking","","SE346","MobileProgramming-MoneyTracking","","True","43","0"
"9","WebDev-SE347.P12-SSE","Repository cho phần bài tập SSE- môn Công nghệ Web và ứng dụng - SE347.P12 của thầy Nguyễn Tấn Toàn.","https://github.com/UIT-KTPM-2022-3-22521474/WebDev-SE347.P12-SSE","","SE347","WebDev-SE347.P12-SSE","JavaScript","True","37","0"
"10","WebDev-SE347.P12-Yahoo","Repository cho phần bài tập 1 môn Công nghệ Web và ứng dụng - SE347.P12 của thầy Nguyễn Tấn Toàn và thầy Lê Văn Tuấn.","https://github.com/UIT-KTPM-2022-3-22521474/WebDev-SE347.P12-Yahoo","","SE347","WebDev-SE347.P12-Yahoo","HTML","True","37","0"
"11","ProgMethods-SE334.P21-CinemaBooking","Repository cho phần ứng dụng bài tập thực hành 1 - môn Các phương pháp lập trình - SE334.P21 của thầy Nguyễn Duy Khánh.","https://github.com/FiveM-UIT/ProgMethods-SE334.P21-CinemaBooking","","SE334","ProgMethods-SE334.P21-CinemaBooking","TypeScript","True","36","0"
"12","UIT_IT001","","https://github.com/ThanhTrucT/UIT_IT001","","IT001","UIT_IT001","C++","True","11","0"
"13","DSA-W2-06042023","Repository cho các bài tập thực hành môn Cấu trúc Dữ liệu và Giải thuật của thầy Trần Doãn Thuyên","https://github.com/UIT-KTPM-2022-3-22521474/DSA-W2-06042023","","IT003","DSA-W2-06042023","C++","True","17","0"
"14","IT007","Hệ Điều Hành - Operating System (OS)","https://github.com/kennywalker1205/IT007","","IT007","IT007","C","True","20","0"
"15","it007-lab6","homebrew shell :)","https://github.com/doqin/it007-lab6","","IT007","it007-lab6","C","True","20","1"
"16","IT007.N12.KHCL","Hệ điều hành - Lab Report","https://github.com/gkietle/IT007.N12.KHCL","","IT007","IT007.N12.KHCL","C","True","20","1"
"17","Lab04-IT007","Our team's works for a lab in Operating System ","https://github.com/uyenbhku/Lab04-IT007","","IT007","Lab04-IT007","C++","True","20","0"
"18","IT007_Lab6_2024","Customize shell writen in C lang","https://github.com/HarryLee02/IT007_Lab6_2024","","IT007","IT007_Lab6_2024","C","True","20","0"
"19","NET-SE310-P12-HotelManagement","Repository cho phần đồ án cuối kỳ - ứng dụng quản lý khách sạn môn Công nghệ .NET - SE310.P12 của thầy Nguyễn Trịnh Đông và cô Huỳnh Hồ Thị Mộng Trinh","https://github.com/NET-SE310-P12-UIT2024HK5/NET-SE310-P12-HotelManagement","","SE310","NET-SE310-P12-HotelManagement","JavaScript","True","42","0"
"20","IT007-Operating-Systems","Tổng hợp các hướng dẫn làm Lab môn Hệ điều hành","https://github.com/ngocnhhu12/IT007-Operating-Systems","","IT007","IT007-Operating-Systems","","True","20","0"
"21","NET-SE310.P12-ASP.NET-MVC","Repository cho phần bài tập 4 - ASP.NET & MVC môn Công nghệ .NET - SE310.P12 của thầy Nguyễn Trịnh Đông và cô Huỳnh Hồ Thị Mộng Trinh","https://github.com/UIT-KTPM-2022-3-22521474/NET-SE310.P12-ASP.NET-MVC","","SE310","NET-SE310.P12-ASP.NET-MVC","JavaScript","True","42","0"
"22","Java-BaiThucHanh2","Repository cho phần bài tập thực hành 2 môn Ngôn ngữ lập trình Java - SE330.O21 của thầy Lê Thanh Trọng","https://github.com/UIT-KTPM-2022-3-22521474/Java-BaiThucHanh2","","SE330","Java-BaiThucHanh2","Java","True","34","0"
"24","IT002_Object-Oriented-Programming_FinalExam","Solving OOP Examination at UIT from Sugar (anhkiet1227)","https://github.com/anhkiet1227/IT002_Object-Oriented-Programming_FinalExam","","IT002","IT002_Object-Oriented-Programming_FinalExam","C++","True","16","5"
"25","DSA-W6-16062023","Repository cho các bài tập thực hành tuần 6 môn Cấu trúc dữ liệu và Giải thuật của thầy Trần Doãn Thuyên","https://github.com/UIT-KTPM-2022-3-22521474/DSA-W6-16062023","","IT003","DSA-W6-16062023","C++","True","17","0"
"27","IT002OfDuong","Lập trình hướng đối tượng UIT","https://github.com/duonguwu/IT002OfDuong","","IT002","IT002OfDuong","C++","True","16","1"
"28","IT002-ObjectOrientedProgramming-UIT","A repository for storing all learning resources related to Object Oriented Programming at UIT","https://github.com/solivaquaant/IT002-ObjectOrientedProgramming-UIT","","IT002","IT002-ObjectOrientedProgramming-UIT","C++","True","16","0"
"29","Java-BaiTap5C2","Repository cho phần bài tập 5 cuối chương 2 môn Ngôn ngữ lập trình Java - SE330.O21 của thầy Lê Thanh Trọng","https://github.com/UIT-KTPM-2022-3-22521474/Java-BaiTap5C2","","SE330","Java-BaiTap5C2","Java","True","34","0"
"69","SE102-UIT-Game-Captain-America-and-The-Avengers","A school project remaking 1 NES game with C++ and DirectX 9","https://github.com/loia5tqd001/SE102-UIT-Game-Captain-America-and-The-Avengers","","SE102","SE102-UIT-Game-Captain-America-and-The-Avengers","C++","True","26","4"
"30","WebDev-SE347.P12-TodoApp","Repository cho phần bài tập 4 - Todo WebApp - Vite-ReactJS-TailwindCSS - môn Công nghệ Web và ứng dụng - SE347.P12 của thầy Nguyễn Tấn Toàn..","https://github.com/UIT-KTPM-2022-3-22521474/WebDev-SE347.P12-TodoApp","","SE347","WebDev-SE347.P12-TodoApp","JavaScript","True","37","0"
"31","NguyenHoangKhang_22718451_kientrucphanmem","đây là repository cho thực hành môn kiến trúc phần mềm","https://github.com/nguyenhoangkhq7/NguyenHoangKhang_22718451_kientrucphanmem","","SE356","NguyenHoangKhang_22718451_kientrucphanmem","Java","True","49","0"
"32","UIT-IT007","Hệ điều hành","https://github.com/alttleb0y/UIT-IT007","","IT007","UIT-IT007","Shell","True","20","0"
"33","IT007-OS","Hệ điều hành - Đại học Công nghệ Thông tin (UIT) ","https://github.com/doxuantu110/IT007-OS","","IT007","IT007-OS","","True","20","0"
"34","UIT-VNU_IT007_LAB-06","","https://github.com/fredle09/UIT-VNU_IT007_LAB-06","","IT007","UIT-VNU_IT007_LAB-06","C","True","20","0"
"35","OOP","This repository contains the source code for exercises from my IT002 - Object-Oriented Programming class at the University of Information Technology (UIT)","https://github.com/tnhi1821/OOP","","IT002","OOP","Jupyter Notebook","True","16","0"
"36","IT007_HDH","LAB FOR IT007","https://github.com/MinhisMinh/IT007_HDH","","IT007","IT007_HDH","C","True","20","0"
"37","UIT_IT003","","https://github.com/cngpc43/UIT_IT003","","IT003","UIT_IT003","C++","True","17","0"
"38","Game_2048_DSA-","ĐỒ ÁN MÔN IT003 - UIT","https://github.com/daknulak/Game_2048_DSA-","","IT003","Game_2048_DSA-","Python","True","17","0"
"39","IT004","Database - IT004.Q111 - UIT","https://github.com/HDungg925/IT004","","IT004","IT004","TSQL","True","18","0"
"40","IT004","Cơ sở dữ liệu - Database","https://github.com/kennywalker1205/IT004","","IT004","IT004","TSQL","True","18","0"
"41","IT004","Tài liệu môn Cơ sở Dữ liệu - UIT","https://github.com/h2okisme57/IT004","","IT004","IT004","","True","18","0"
"42","IT004_DATABASE_SQL","Just a place where i can submit my homework ","https://github.com/Lanh-ngwah/IT004_DATABASE_SQL","","IT004","IT004_DATABASE_SQL","TSQL","True","18","0"
"43","IT004-Database-UIT","A repository for storing all learning resources related to IDatabase at UIT","https://github.com/solivaquaant/IT004-Database-UIT","","IT004","IT004-Database-UIT","TSQL","True","18","0"
"44","IT004_UIT_Database","A repository about doing lab in database which is a subject at University of Information Technology","https://github.com/AlyThien/IT004_UIT_Database","","IT004","IT004_UIT_Database","TSQL","True","18","0"
"45","SE334.P21-E-book-Reader","Repository cho phần ứng dụng đồ án cuối kì E-book Reader - môn Các phương pháp lập trình - SE334.P21 của thầy Nguyễn Duy Khánh.","https://github.com/SE334-P21-ProgrammingMethods/SE334.P21-E-book-Reader","","SE503","SE334.P21-E-book-Reader","Dart","True","1070","2"
"47","SE215.P11-Last_mile_delivery","Repository cho phần đồ án front-end cuối kì LastMileDelivery GiaoHangXanh - môn Giao tiếp người - máy - SE215.P11 của thầy Nguyễn Công Hoan.","https://github.com/FiveM-UIT/SE215.P11-Last_mile_delivery","","SE215","SE215.P11-Last_mile_delivery","JavaScript","True","31","1"
"48","it008_15_Puzzle_Game","A 15 puzzle game make in wpf aka a project for it008 in UIT","https://github.com/bighousevn/it008_15_Puzzle_Game","","IT008","it008_15_Puzzle_Game","C#","True","22","0"
"49","hci2025_19130143","Repository môn giao tiêp người máy 2025","https://github.com/NajooDev/hci2025_19130143","","SE215","hci2025_19130143","HTML","True","31","0"
"50","Java-BaiThucHanh3","Repository cho các bài tập trong Bài thực hành 3 JDBC - môn Ngôn ngữ lập trình Java SE330.O21 của thầy Lê Thanh Trọng","https://github.com/UIT-KTPM-2022-3-22521474/Java-BaiThucHanh3","","SE330","Java-BaiThucHanh3","Java","True","34","0"
"51","24521736_Lab3_IT008","Bài tập thực hành Lab 3 Lập trình trực quan","https://github.com/DonThuanUIT-24521736/24521736_Lab3_IT008","","IT008","24521736_Lab3_IT008","C#","True","22","0"
"52","UIT_IT007","Operating System - IT007","https://github.com/anhhuyluong/UIT_IT007","","IT007","UIT_IT007","C","True","20","0"
"53","UIT_IT007","Operating System - IT007","https://github.com/anhhuyluong/UIT_IT007","","IT007","UIT_IT007","C","True","20","0"
"54","IT007","UIT Operating System - IT0007","https://github.com/phatthanh69/IT007","","IT007","IT007","C++","True","20","0"
"55","IT012-LAB04-21520093","21520093- Võ Minh Quân-9","https://github.com/omlgg/IT012-LAB04-21520093","","IT012","IT012-LAB04-21520093","Assembly","True","21","0"
"56","LAB04","Thực hành IT012.M21.KHTN - LAB04","https://github.com/nv259/LAB04","","IT012","LAB04","Assembly","True","21","1"
"58","UITCanteen","SE104.N11 project","https://github.com/TNB142/UITCanteen","","SE104","UITCanteen","TypeScript","True","24","1"
"59","SE104.L27.KHCL","Nhập môn công nghệ phần mềm","https://github.com/Karhdo/SE104.L27.KHCL","","SE104","SE104.L27.KHCL","C#","True","24","5"
"60","UIT-IT007.P11.CTTN-Operating_Systems","","https://github.com/ckha1410/UIT-IT007.P11.CTTN-Operating_Systems","","IT007","UIT-IT007.P11.CTTN-Operating_Systems","C","True","20","0"
"61","IT007-LAB","","https://github.com/Darklul03/IT007-LAB","","IT007","IT007-LAB","C","True","20","0"
"62","StudentManagementWinApp","This Windows-based student management application is my final project for the SE104 Software Engineering course at the University of Information Technology (UIT) ","https://github.com/tnhi1821/StudentManagementWinApp","","SE104","StudentManagementWinApp","C#","True","24","0"
"63","IT007_LAB4","","https://github.com/Khanh23-code/IT007_LAB4","","IT007","IT007_LAB4","C","True","20","0"
"64","Desktop-UIT-25730129","Bài tập Git - SS004","https://github.com/25730129-TranHuynhUyenNhi/Desktop-UIT-25730129","","SS004","Desktop-UIT-25730129","C++","True","69","0"
"65","advanced-inglish-front-end","A front-end repository for SE505 (KLTN) at UIT.","https://github.com/vthphc/advanced-inglish-front-end","","SE505","advanced-inglish-front-end","TypeScript","True","62","1"
"66","UIT-SS004","","https://github.com/w4ngg/UIT-SS004","","SS004","UIT-SS004","Python","True","69","0"
"67","SS004-Job-skills","This is a course project for Job Skills. The selected topic is Building an online lecture on game programming using Godot Engine.","https://github.com/PhuocSang16/SS004-Job-skills","","SS004","SS004-Job-skills","","True","69","1"
"68","Game-FrameWork","Framework for [this project](https://github.com/loia5tqd001/SE102-UIT-Game-Captain-America-and-The-Avengers)","https://github.com/loia5tqd001/Game-FrameWork","","SE102","Game-FrameWork","C++","True","26","3"
"70","Castlevania","SE102- Game UIT Project: A remake of Castlevania NES :video_game:  ","https://github.com/viettiennguyen029/Castlevania","","SE102","Castlevania","C++","True","26","5"
"71","SS004.Q215-Tetris-Group07-InfoSys5","Đồ án cuối kỳ môn SS004: Xây dựng game Tetris bằng C++ - Trường ĐH CNTT (UIT)","https://github.com/25520267/SS004.Q215-Tetris-Group07-InfoSys5","","SS004","SS004.Q215-Tetris-Group07-InfoSys5","C++","True","69","2"
"72","SE102-intro-game-development","Course assignments and the final project will be a complete Super Mario 3","https://github.com/dxv2k/SE102-intro-game-development","","SE102","SE102-intro-game-development","C++","True","26","25"
"73","super-mario-bros-3-se102","A mock of the famous videogame SMB3 for my UIT SE102 course","https://github.com/comaybay/super-mario-bros-3-se102","","SE102","super-mario-bros-3-se102","C++","True","26","0"
"74","KNNN_Snake_game","Final project SS004.CLC UIT team - Snake game ","https://github.com/VanNhatMinh/KNNN_Snake_game","","SS004","KNNN_Snake_game","","True","69","0"
"75","UIT-SE100-PPPTPMOOP","Basic App manage residents information","https://github.com/yang020501/UIT-SE100-PPPTPMOOP","","SE100","UIT-SE100-PPPTPMOOP","C#","True","23","0"
"76","Lab06-IT007","","https://github.com/uyenbhku/Lab06-IT007","","IT007","Lab06-IT007","C++","True","20","0"
"77","IT007_LAB5","","https://github.com/khongphaidpduy/IT007_LAB5","","IT007","IT007_LAB5","C","True","20","0"
"78","cinemaphile","UIT SE114's final project - Mobile programming","https://github.com/quoclien/cinemaphile","","SE114","cinemaphile","Java","True","27","0"
"79","IT003-DataStructuresAndAlgorithms-UIT","A repository for storing all learning resources related to Data Structures and Algorithms at UIT","https://github.com/solivaquaant/IT003-DataStructuresAndAlgorithms-UIT","","IT003","IT003-DataStructuresAndAlgorithms-UIT","C++","True","17","0"
"80","UIT-IT002-OOP","","https://github.com/kiet252/UIT-IT002-OOP","","IT002","UIT-IT002-OOP","C++","True","16","0"
"81","IT002-Object-oriented-programming","This is some basic assignment of OOP using C++","https://github.com/PhuocSang16/IT002-Object-oriented-programming","","IT002","IT002-Object-oriented-programming","C++","True","16","1"
"82","IT002-Object-oriented-programming","This is some basic assignment of OOP using C++","https://github.com/PhuocSang16/IT002-Object-oriented-programming","","IT002","IT002-Object-oriented-programming","C++","True","16","1"
"83","OOP-OnThiCuoiKy","Repository hỗ trợ ôn thi cuối kỳ môn OOP - Lập trình hướng đối tượng","https://github.com/UIT-KTPM-2022-3-22521474/OOP-OnThiCuoiKy","","IT002","OOP-OnThiCuoiKy","C++","True","16","0"
"84","DSA-W5-01062023","Repository cho các bài tập về Hash - Cấu trúc dữ liệu và giải thuật của thầy Trần Doãn Thuyên","https://github.com/UIT-KTPM-2022-3-22521474/DSA-W5-01062023","","IT003","DSA-W5-01062023","C++","True","17","0"
"85","DSA-LT-Sort-27030304","Cấu trúc dữ liệu và giải thuật IT003.N213 - Repository cho các bài tập về các thuật toán sắp xếp của thầy Ngô Tuấn Kiệt","https://github.com/UIT-KTPM-2022-3-22521474/DSA-LT-Sort-27030304","","IT003","DSA-LT-Sort-27030304","C++","True","17","0"
"86","ThucHanh_SE310.P11","Công nghệ .NET UIT SE310.P11","https://github.com/minhphan46/ThucHanh_SE310.P11","","SE310","ThucHanh_SE310.P11","CSS","True","42","0"
"87","IT007.Q17-Operating-Systems-UIT","","https://github.com/Naathan404/IT007.Q17-Operating-Systems-UIT","","IT007","IT007.Q17-Operating-Systems-UIT","C","True","20","0"
"88","DSA-W3-01052023","Repository cho các bài tập Cấu trúc dữ liệu và Giải thuật - Danh sách liên kết đơn của thầy Trần Doãn Thuyên","https://github.com/UIT-KTPM-2022-3-22521474/DSA-W3-01052023","","IT003","DSA-W3-01052023","C++","True","17","0"
"89","WebDev-SE347.P12-GraphQL","Repository cho phần bài tập GraphQL - môn Công nghệ Web và ứng dụng - SE347.P12 của thầy Nguyễn Tấn Toàn.","https://github.com/UIT-KTPM-2022-3-22521474/WebDev-SE347.P12-GraphQL","","SE347","WebDev-SE347.P12-GraphQL","JavaScript","True","37","0"
"90","WebDev-SE347.P12-WebSocket","Repository cho phần bài tập WebSocket - môn Công nghệ Web và ứng dụng - SE347.P12 của thầy Nguyễn Tấn Toàn.","https://github.com/UIT-KTPM-2022-3-22521474/WebDev-SE347.P12-WebSocket","","SE347","WebDev-SE347.P12-WebSocket","HTML","True","37","0"
"91","java_se330.i21","Java project SE330.I21 UIT 2018","https://github.com/danhthanh418/java_se330.i21","","SE330","java_se330.i21","","True","34","0"
"92","OrderUp-Food-Delivery-And-Ordering-Website","UIT - SE330.P21 - Final Project","https://github.com/Linh0512/OrderUp-Food-Delivery-And-Ordering-Website","","SE330","OrderUp-Food-Delivery-And-Ordering-Website","Java","True","34","1"
"93","UIT-SE330-NNLTJava","Java NetBeans GUI with minimax ","https://github.com/yang020501/UIT-SE330-NNLTJava","","SE330","UIT-SE330-NNLTJava","Java","True","34","1"
"94","IT008.O14-VisualProgramming-HealthApp","Repository cho phần ứng dụng đồ án cuối kì HealthApp - môn Lập trình trực quan - IT008.O14 của thầy Nguyễn Tấn Toàn.","https://github.com/UIT-KTPM-2022-3-22521474/IT008.O14-VisualProgramming-HealthApp","","IT008","IT008.O14-VisualProgramming-HealthApp","","True","22","0"
"95","NET-SE310.P12-Seminar_LinQ","Repository cho phần seminar LinQ môn Công nghệ .NET - SE310.P12 của thầy Nguyễn Trịnh Đông và cô Huỳnh Hồ Thị Mộng Trinh","https://github.com/UIT-KTPM-2022-3-22521474/NET-SE310.P12-Seminar_LinQ","","SE310","NET-SE310.P12-Seminar_LinQ","C#","True","42","0"
"98","TicketSellingWebsite","Final_Semester_Project_SE347","https://github.com/anhkhoatqt11/TicketSellingWebsite","","SE347","TicketSellingWebsite","TypeScript","True","37","6"
"99","TITHotelier","SE347.P11 - Công nghệ Web và Ứng dụng - UIT ","https://github.com/NguyenNhuTu09/TITHotelier","","SE347","TITHotelier","JavaScript","True","37","0"
"100","Flutter-styLLe","A project for SE346 - UIT","https://github.com/nhlinhseuit/Flutter-styLLe","","SE346","Flutter-styLLe","Dart","True","43","1"
"101","NET-SE310.P12-BaoMoi","Repository cho phần bài tập 2 - UI/UX Báo mới môn Công nghệ .NET - SE310.P12 của thầy Nguyễn Trịnh Đông và cô Huỳnh Hồ Thị Mộng Trinh","https://github.com/UIT-KTPM-2022-3-22521474/NET-SE310.P12-BaoMoi","","SE310","NET-SE310.P12-BaoMoi","HTML","True","42","0"
"102","NET-SE310.P12-ProductManagement","Repository cho phần bài tập 3 - LinQ môn Công nghệ .NET - SE310.P12 của thầy Nguyễn Trịnh Đông và cô Huỳnh Hồ Thị Mộng Trinh","https://github.com/UIT-KTPM-2022-3-22521474/NET-SE310.P12-ProductManagement","","SE310","NET-SE310.P12-ProductManagement","C#","True","42","0"
"103","Java-BaiThucHanh1","Repository cho các bài tập trong Bài thực hành 1 - môn Ngôn ngữ lập trình Java SE330.O21 của thầy Lê Thanh Trọng","https://github.com/UIT-KTPM-2022-3-22521474/Java-BaiThucHanh1","","SE330","Java-BaiThucHanh1","Java","True","34","0"
"104","SE334-Lab01","","https://github.com/tathuythanh-vn/SE334-Lab01","","SE334","SE334-Lab01","Java","True","36","0"
"105","NET-SE310.P12-LapStore-ThiTH","Repository cho phần bài thi thực hành - ASP.NET & MVC môn Công nghệ .NET - SE310.P12 của thầy Nguyễn Trịnh Đông và cô Huỳnh Hồ Thị Mộng Trinh","https://github.com/UIT-KTPM-2022-3-22521474/NET-SE310.P12-LapStore-ThiTH","","SE310","NET-SE310.P12-LapStore-ThiTH","CSS","True","42","0"
"106","lab5_se332_taiwindcss","","https://github.com/Ury479/lab5_se332_taiwindcss","","SE332","lab5_se332_taiwindcss","Vue","True","35","0"
"107","SE346_AppProject","Đây là repository đồ án của môn SE246_Lập trình trên thiết bị di động","https://github.com/thuanhuy2006/SE346_AppProject","","SE346","SE346_AppProject","Dart","True","43","0"
"108","IT003.P22-Data-Structures-Algorithms-UIT","i hate dsa","https://github.com/Naathan404/IT003.P22-Data-Structures-Algorithms-UIT","","IT003","IT003.P22-Data-Structures-Algorithms-UIT","C++","True","17","0"
"109","IT002.P26-Object-Oriented-Programming-UIT","store my documents for subject OOP at university","https://github.com/Naathan404/IT002.P26-Object-Oriented-Programming-UIT","","IT002","IT002.P26-Object-Oriented-Programming-UIT","C++","True","16","0"
"110","IT005.Q112-Introduction-to-Computer-Network-UIT","","https://github.com/Naathan404/IT005.Q112-Introduction-to-Computer-Network-UIT","","IT005","IT005.Q112-Introduction-to-Computer-Network-UIT","","True","19","0"
"111","IT004.Q18-Database-UIT","","https://github.com/Naathan404/IT004.Q18-Database-UIT","","IT004","IT004.Q18-Database-UIT","TSQL","True","18","0"
"112","IT008.Q14-Visual-Programming-UIT","","https://github.com/Naathan404/IT008.Q14-Visual-Programming-UIT","","IT008","IT008.Q14-Visual-Programming-UIT","C#","True","22","0"
"113","WebDev-SE347.P12-Bootstrap-JQuery","Repository cho phần bài tập 3 môn Công nghệ Web và ứng dụng - SE347.P12 của thầy Nguyễn Tấn Toàn và thầy Lê Văn Tuấn","https://github.com/UIT-KTPM-2022-3-22521474/WebDev-SE347.P12-Bootstrap-JQuery","","SE347","WebDev-SE347.P12-Bootstrap-JQuery","HTML","True","37","0"
"114","WebDev-SE347.P12-RestfulAPI","Repository cho phần bài tập 2 môn Công nghệ Web và ứng dụng - SE347.P12 của thầy Nguyễn Tấn Toàn và thầy Lê Văn Tuấn.","https://github.com/UIT-KTPM-2022-3-22521474/WebDev-SE347.P12-RestfulAPI","","SE347","WebDev-SE347.P12-RestfulAPI","JavaScript","True","37","0"
"115","Medicare","Repository cho phần ứng dụng đồ án cuối kì Medicare - môn Công nghệ Web và ứng dụng - SE347.P12 của thầy Nguyễn Tấn Toàn.","https://github.com/UIT-KTPM-2022-3-22521474/Medicare","","SE347","Medicare","","True","37","0"
"116","Medicare","Repository cho phần ứng dụng đồ án cuối kì Medicare - môn Công nghệ Web và ứng dụng - SE347.P12 của thầy Nguyễn Tấn Toàn.","https://github.com/UIT-KTPM-2022-3-22521474/Medicare","","SE347","Medicare","","True","37","0"
"117","Lab3-IT007","","https://github.com/HarryLee02/Lab3-IT007","","IT007","Lab3-IT007","C","True","20","0"
"119","IT007-Lab-02","","https://github.com/zerizennie/IT007-Lab-02","","IT007","IT007-Lab-02","","True","20","0"
"120","IT007_O215_Lab","This repository contain all lab","https://github.com/TCkien/IT007_O215_Lab","","IT007","IT007_O215_Lab","HTML","True","20","0"
"121","UIT-SE356.M11-PurchaseManagement","Course project - UIT | Codebase for website managing purchasing products for retailers","https://github.com/ylantt/UIT-SE356.M11-PurchaseManagement","","SE356","UIT-SE356.M11-PurchaseManagement","JavaScript","True","49","0"
"122","UIT-IT003-DSA","","https://github.com/Cao-Quang-Minh/UIT-IT003-DSA","","IT003","UIT-IT003-DSA","C++","True","17","0"
"123","IT003-DSA","Cấu trúc dữ liệu và giải thuật - Đại học Công nghệ Thông tin (UIT)","https://github.com/doxuantu110/IT003-DSA","","IT003","IT003-DSA","","True","17","1"
"124","IT003-DSA","Cấu trúc dữ liệu và giải thuật - Đại học Công nghệ Thông tin (UIT)","https://github.com/doxuantu110/IT003-DSA","","IT003","IT003-DSA","","True","17","1"
"125","IT002","OOP UIT","https://github.com/namphuong11/IT002","","IT002","IT002","C++","True","16","0"
"126","IT002","OOP UIT","https://github.com/namphuong11/IT002","","IT002","IT002","C++","True","16","0"
"128","dx9gf","Simple Directx9 Game framework for learning (SE102)","https://github.com/doqin/dx9gf","","SE102","dx9gf","C++","True","26","1"
"129","IT002-OOP-UIT","Lập trình hướng đối tượng (OOP) - UIT VNUHCM","https://github.com/normalman159/IT002-OOP-UIT","","IT002","IT002-OOP-UIT","C++","True","16","1"
"130","IT003.Q21.CTTN-W1-SortingReport","A report for an exercise in Data structure and Algorithm course at UIT","https://github.com/lftroq/IT003.Q21.CTTN-W1-SortingReport","","IT003","IT003.Q21.CTTN-W1-SortingReport","Python","True","17","1"
"131","Megaman-X3---UIT--SE102","Đồ án NMPT GAME - UIT - SE102 - Megaman X3 - HK5 ","https://github.com/txbac98/Megaman-X3---UIT--SE102","","SE102","Megaman-X3---UIT--SE102","C++","True","26","1"
"132","IT002-Object-Oriented-Programming-UIT-","","https://github.com/quangcrazymen/IT002-Object-Oriented-Programming-UIT-","","IT002","IT002-Object-Oriented-Programming-UIT-","C++","True","16","0"
"133","IT002-Object-Oriented-Programming-UIT-","","https://github.com/quangcrazymen/IT002-Object-Oriented-Programming-UIT-","","IT002","IT002-Object-Oriented-Programming-UIT-","C++","True","16","0"
"134","uit-go-se360","","https://github.com/dieuxuanhien/uit-go-se360","","SE360","uit-go-se360","TypeScript","True","1051","0"
"135","UIT-DataBase-IT004.O117-LAB","Thực Hành Cơ Sở Dữ Liệu UIT","https://github.com/Trtinssss/UIT-DataBase-IT004.O117-LAB","","IT004","UIT-DataBase-IT004.O117-LAB","TSQL","True","18","0"
"136","IT003","Nơi tập hợp deadline IT003 UIT","https://github.com/minhmap123/IT003","","IT003","IT003","C++","True","17","0"
"137","IT002.P11.CTTN","Tập hợp bài tập cho môn học Lập trình hướng đối tượng của UIT","https://github.com/minhmap123/IT002.P11.CTTN","","IT002","IT002.P11.CTTN","C++","True","16","0"
"140","IT003-Data-Structures-Algorithms","Toàn Bộ Bài Tập Thực Hành - Môn Cấu Trúc Dữ Liệu Và Giải Thuật (IT003) - Trường Đại Học Công Nghệ Thông Tin - ĐHQG.TPHCM (UIT).","https://github.com/quocthai912/IT003-Data-Structures-Algorithms","","IT003","IT003-Data-Structures-Algorithms","C++","True","17","3"
"142","UIT.IT008.Notepad","Đồ án môn học lập trình trực quan","https://github.com/hotrungnhan/UIT.IT008.Notepad","","IT008","UIT.IT008.Notepad","C#","True","22","0"
"143","it003-assignment-6","","https://github.com/hoangnnh/it003-assignment-6","","IT003","it003-assignment-6","C++","True","17","0"
"144","IT003.Q21.CTTN_LAB_REPORT_1","báo cáo cách bài thực hành của lớp IT003.Q21.CTTN","https://github.com/BetterCuckChuck/IT003.Q21.CTTN_LAB_REPORT_1","","IT003","IT003.Q21.CTTN_LAB_REPORT_1","Python","True","17","0"
"145","UIT-IT004.P11.CTTN-Database","","https://github.com/ckha1410/UIT-IT004.P11.CTTN-Database","","IT004","UIT-IT004.P11.CTTN-Database","","True","18","0"
"146","MA004-CTRR","Cấu trúc rời rạc - Đại học Công nghệ Thông tin (UIT)","https://github.com/doxuantu110/MA004-CTRR","","MA004","MA004-CTRR","","True","9","0"
"147","IT003","Tài liệu DSA của 24520557_UIT","https://github.com/h2okisme57/IT003","","IT003","IT003","C++","True","17","0"
"148","IT004_Database_Excercise_Teaching-Management","This is the code for SQL homework for the subject Database at UIT - enjoy it =)))","https://github.com/anhkiet1227/IT004_Database_Excercise_Teaching-Management","","IT004","IT004_Database_Excercise_Teaching-Management","TSQL","True","18","2"
"149","uit-eng03-healthy-breakfast","[Presentation] | The Importance of Having a Healthy Breakfast","https://github.com/uit-25730067-chithanh/uit-eng03-healthy-breakfast","","ENG03","uit-eng03-healthy-breakfast","Vue","True","14","0"
"150","UIT-SE347-WEB","Clothes E-commerce Web with Admin + User sides.","https://github.com/yang020501/UIT-SE347-WEB","","SE347","UIT-SE347-WEB","JavaScript","True","37","0"
"151","uit-limousine","A project for UIT SE214 Advanced Software Engineering","https://github.com/Huangphoux/uit-limousine","","SE214","uit-limousine","JavaScript","True","29","0"
"152","UIT-SE106-DTHT","Chuyển đổi ngôn ngữ đặc tả (formal specification) sang C# hoặc C++  ","https://github.com/yang020501/UIT-SE106-DTHT","","SE106","UIT-SE106-DTHT","C#","True","28","1"
"153","SE113.Lab3","Lab3","https://github.com/Winder510/SE113.Lab3","","SE113","SE113.Lab3","JavaScript","True","32","0"
"154","FurnitureStore","FurnitureStore for UIT.SE310.O12","https://github.com/trungkien2003ntk/FurnitureStore","","SE310","FurnitureStore","C#","True","42","0"
"155","Mobile-Assignment","Ninh Đức Quang Huy 24520688 Bài tập thực hành mobile lớp SE114.Q21","https://github.com/quanghuy-newbie/Mobile-Assignment","","SE114","Mobile-Assignment","","True","27","0"
"157","SE347_Lab","","https://github.com/Lghthien/SE347_Lab","","SE347","SE347_Lab","JavaScript","True","37","0"
"158","UIT-SE104-NMPTPM","E-Metro system application","https://github.com/yang020501/UIT-SE104-NMPTPM","","SE104","UIT-SE104-NMPTPM","C#","True","24","0"
"159","studMin","A Windows application used for high school management","https://github.com/phanxuanquang/studMin","","SE104","studMin","C#","True","24","2"
"160","se104-survey-system","A survey system for UIT SE104 class","https://github.com/thaiminh2022/se104-survey-system","","SE104","se104-survey-system","TypeScript","True","24","0"
"161","SE104.O29","Môn Nhập môn công nghệ phần mềm HK2 (2024) - UIT - VNUHCM","https://github.com/votrung654/SE104.O29","","SE104","SE104.O29","","True","24","0"
"162","Chatbot_for_admissions","Final project of SE104 (Introduction to Software Engineering) of UIT","https://github.com/imneit06/Chatbot_for_admissions","","SE104","Chatbot_for_admissions","HTML","True","24","0"
"163","SE104-QLVMB-5","Airline Ticket Management Software: Streamlining Sales and Revenue for Airlines with Windows Forms (C#)","https://github.com/nv259/SE104-QLVMB-5","","SE104","SE104-QLVMB-5","C#","True","24","2"
"164","UiT.iT012.Assembly","Assembly language","https://github.com/katharsis7769/UiT.iT012.Assembly","","IT012","UiT.iT012.Assembly","Assembly","True","21","0"
"165","UIT-Go-Backend","For SE360 year end project","https://github.com/OneKeyCoder/UIT-Go-Backend","","SE360","UIT-Go-Backend","Go","True","1051","0"
"166","MA005-XSTK","Xác suất thống kê - Đại học Công nghệ Thông tin (UIT)","https://github.com/doxuantu110/MA005-XSTK","","MA005","MA005-XSTK","","True","10","0"
"167","UIT-IT002.Q26.2","","https://github.com/hyugai/UIT-IT002.Q26.2","","IT002","UIT-IT002.Q26.2","C++","True","16","0"
"168","IT004---CSDL--UIT","Danh sách đề thi tham khảo - đáp án tham khảo của đề thi - đáp án tham khảo bài tập Lab","https://github.com/ThisIsHHanh/IT004---CSDL--UIT","","IT004","IT004---CSDL--UIT","TSQL","True","18","0"
"169","Java-QuanLyHocPhanOOP","Bài tập OOP Chương II - Quản lý học phần môn Ngôn ngữ lập trình Java - SE330.O21 của thầy Lê Thanh Trọng","https://github.com/UIT-KTPM-2022-3-22521474/Java-QuanLyHocPhanOOP","","SE330","Java-QuanLyHocPhanOOP","Java","True","34","0"
"171","IT007","UIT","https://github.com/dducktai/IT007","","IT007","IT007","C++","True","20","5"
"172","IT003","DSA - UIT","https://github.com/dducktai/IT003","","IT003","IT003","C++","True","17","2"
"173","IT003","DSA - UIT","https://github.com/dducktai/IT003","","IT003","IT003","C++","True","17","2"
"174","IT002-Object-Oriented-Programming-UIT","","https://github.com/tvyyyy/IT002-Object-Oriented-Programming-UIT","","IT002","IT002-Object-Oriented-Programming-UIT","C++","True","16","3"
"175","UIT_IT004","Database - IT004","https://github.com/anhhuyluong/UIT_IT004","","IT004","UIT_IT004","TSQL","True","18","0"
"176","code_HDH_UIT","Lab IT007","https://github.com/huenguyentran/code_HDH_UIT","","IT007","code_HDH_UIT","","True","20","0"
"178","IT007-Lab-05","","https://github.com/zerizennie/IT007-Lab-05","","IT007","IT007-Lab-05","","True","20","0"
"179","IT007-He_dieu_hanh","practice lab","https://github.com/luannd4869/IT007-He_dieu_hanh","","IT007","IT007-He_dieu_hanh","","True","20","0"
"180","IT001-Of-Duong","Lưu code của nhập môn lập trình IT001 - UIT","https://github.com/duonguwu/IT001-Of-Duong","","IT001","IT001-Of-Duong","C++","True","11","0"
"181","IT001","Nhập môn lập trình - UIT","https://github.com/truong11062002/IT001","","IT001","IT001","C++","True","11","0"
"182","UIT_IT008_Visual_Programming","","https://github.com/karasuma-2401/UIT_IT008_Visual_Programming","","IT008","UIT_IT008_Visual_Programming","C#","True","22","0"
"183","color-oop-project","A Final Project in IT002 (Object-oriented Programming) subject at UIT.","https://github.com/tannd-ds/color-oop-project","","IT002","color-oop-project","C++","True","16","0"
"184","uit.it001.snake-game","IT001 Introduction to Programming Project","https://github.com/uit-anhvuk13/uit.it001.snake-game","","IT001","uit.it001.snake-game","C++","True","11","0"
"185","Lab1-IT008","Bài tập thực hành Lab 1 Lập trình trực quan - UIT","https://github.com/DonThuanUIT-24521736/Lab1-IT008","","IT008","Lab1-IT008","C#","True","22","0"
"186","UIT-IT002.P11.CTTN-Object_Oriented_Programming","","https://github.com/ckha1410/UIT-IT002.P11.CTTN-Object_Oriented_Programming","","IT002","UIT-IT002.P11.CTTN-Object_Oriented_Programming","C++","True","16","0"
"187","IT004","CSDL UIT","https://github.com/namphuong11/IT004","","IT004","IT004","TSQL","True","18","0"
"188","UIT-IT004","Practical exercises for subject IT004 at UIT","https://github.com/nqhhoang2002/UIT-IT004","","IT004","UIT-IT004","","True","18","0"
"189","IT003-DSAA","it003 UIT exercises","https://github.com/boy2407/IT003-DSAA","","IT003","IT003-DSAA","C++","True","17","0"
"190","Bai5Lab2-UIT-IT002","Doing homework from UIT","https://github.com/OopsNooob/Bai5Lab2-UIT-IT002","","IT002","Bai5Lab2-UIT-IT002","C++","True","16","0"
"191","IT004_Lab","","https://github.com/hoangnxm/IT004_Lab","","IT004","IT004_Lab","TSQL","True","18","0"
"192","IT004-CS115-UIT","","https://github.com/NTGNguyen/IT004-CS115-UIT","","IT004","IT004-CS115-UIT","TSQL","True","18","5"
"194","Networking-LAB","This is all my IT005's LAB project.","https://github.com/UITxWoodyNguyen/Networking-LAB","","IT005","Networking-LAB","HTML","True","19","0"
"195","se350_UITE-Learning_BE","","https://github.com/troqphuc147/se350_UITE-Learning_BE","","SE350","se350_UITE-Learning_BE","JavaScript","True","38","0"
"196","QL_Giai_BD_QG_SE104_UIT","","https://github.com/truonghoangkhiem/QL_Giai_BD_QG_SE104_UIT","","SE104","QL_Giai_BD_QG_SE104_UIT","JavaScript","True","24","0"
"197","SE347.O12.PMCL-LAB","","https://github.com/ninehcobra/SE347.O12.PMCL-LAB","","SE347","SE347.O12.PMCL-LAB","HTML","True","37","0"
"198","uit_shield_demo","Simple scam/phishing email demo for my SS004","https://github.com/1zuki/uit_shield_demo","","SS004","uit_shield_demo","Python","True","69","0"
"200","SE347.L11_LAB3_18521314","","https://github.com/tuongluong2000/SE347.L11_LAB3_18521314","","SE347","SE347.L11_LAB3_18521314","","True","37","0"
"201","SE350M21_UITE-learning","E-learning","https://github.com/TranHoangdbz/SE350M21_UITE-learning","","SE350","SE350M21_UITE-learning","JavaScript","True","38","0"
"202","Lab-.NET","[SE310] Công nghệ .NET - UIT","https://github.com/huynhanx03/Lab-.NET","","SE310","Lab-.NET","C#","True","42","0"
"203","ASP.NET-Core-Seminar","ASP.NET Core Seminar For UIT SE347","https://github.com/comaybay/ASP.NET-Core-Seminar","","SE347","ASP.NET-Core-Seminar","C#","True","37","0"
"204","Bai-Tap-Cong-Nghe-Web-Uit","SE347 - UIT","https://github.com/loia5tqd001/Bai-Tap-Cong-Nghe-Web-Uit","","SE347","Bai-Tap-Cong-Nghe-Web-Uit","HTML","True","37","1"
"205","UIT-SE350-CDE-Learning","ReactJs-NodeJs website E-Learning ","https://github.com/yang020501/UIT-SE350-CDE-Learning","","SE350","UIT-SE350-CDE-Learning","JavaScript","True","38","0"
"206","uit-SE357_requirement","","https://github.com/Huangphoux/uit-SE357_requirement","","SE357","uit-SE357_requirement","TypeScript","True","50","0"
"207","uit-SE357_requirement","","https://github.com/Huangphoux/uit-SE357_requirement","","SE357","uit-SE357_requirement","TypeScript","True","50","0"
"208","Java-BaiTapChuong2","Bài tập chương II OOP môn Ngôn ngữ lập trình Java - SE330.O21 của thầy Lê Thanh Trọng","https://github.com/UIT-KTPM-2022-3-22521474/Java-BaiTapChuong2","","SE330","Java-BaiTapChuong2","Java","True","34","0"
"209","Java-BaiTapChuong2","Bài tập chương II OOP môn Ngôn ngữ lập trình Java - SE330.O21 của thầy Lê Thanh Trọng","https://github.com/UIT-KTPM-2022-3-22521474/Java-BaiTapChuong2","","SE330","Java-BaiTapChuong2","Java","True","34","0"
"211","Cryptography-Assignment","A cryptohack challenge a day keeps bad grades away - IT003.O21.CTTN","https://github.com/san601/Cryptography-Assignment","","IT003","Cryptography-Assignment","Python","True","17","0"
"213","IT001-NMLT-UIT-2025","cho sinh vien UIT nam nhat","https://github.com/Psgekkouga/IT001-NMLT-UIT-2025","","IT001","IT001-NMLT-UIT-2025","","True","11","0"
"214","uit-assignment","Archive of assignments when studying at UIT","https://github.com/tuilakhanh-s-Stuff/uit-assignment","","IT001","uit-assignment","C++","True","11","6"
"215","IT004.Q17","IT004.Q17 - Cơ sở dữ liệu - UIT - VNUHCM","https://github.com/AIVIETNAM-AIO-dthphuc/IT004.Q17","","IT004","IT004.Q17","","True","18","0"
"216","NMLT_UIT_wecode","Wecode assignment IT001","https://github.com/yunaLee21/NMLT_UIT_wecode","","IT001","NMLT_UIT_wecode","C++","True","11","0"
"217","IT005-NMM","Nhập môn Mạng máy tính - Đại học Công nghệ Thông tin (UIT) ","https://github.com/doxuantu110/IT005-NMM","","IT005","IT005-NMM","","True","19","0"
"219","IT008-LAB02","","https://github.com/UHUUITINHT/IT008-LAB02","","IT008","IT008-LAB02","C#","True","22","0"
"220","UIT-SE330.O21-practice-java","","https://github.com/th1enlm02/UIT-SE330.O21-practice-java","","SE330","UIT-SE330.O21-practice-java","Java","True","34","0"
"221","IT005","Nhap mon mang may tinh UIT","https://github.com/locluclak/IT005","","IT005","IT005","HTML","True","19","0"
"222","UIT-Thuc-Hanh-IT004","Hướng dẫn giải bài tập thực hành csdl(lời giải chỉ mang tính chất tham khảo nếu phát hiện sai sót có thể nhắn tin giúp mình chỉnh lại nha)","https://github.com/SonRobo/UIT-Thuc-Hanh-IT004","","IT004","UIT-Thuc-Hanh-IT004","","True","18","0"
"223","IT004_LAB","Những bài lab của môn CSDL","https://github.com/TrThuyTien/IT004_LAB","","IT004","IT004_LAB","TSQL","True","18","0"
"224","UIT_NhapMonMangMayTinh-IT005.O123-LAB","Nhập môn mạng máy tính","https://github.com/Trtinssss/UIT_NhapMonMangMayTinh-IT005.O123-LAB","","IT005","UIT_NhapMonMangMayTinh-IT005.O123-LAB","","True","19","0"
"226","SE347_Lab","","https://github.com/XuanThao03/SE347_Lab","","SE347","SE347_Lab","HTML","True","37","0"
"229","UIT-IT008-LTTQ","Phần mềm quản lý Nhân - Hộ Khẩu","https://github.com/yang020501/UIT-IT008-LTTQ","","IT008","UIT-IT008-LTTQ","C#","True","22","0"
"230","UIT_SE346","","https://github.com/thienngann/UIT_SE346","","SE346","UIT_SE346","JavaScript","True","43","0"
"231","UIT_SE346","","https://github.com/thienngann/UIT_SE346","","SE346","UIT_SE346","JavaScript","True","43","0"
"233","SE346_Lab","SE346 exercises","https://github.com/nbminh24/SE346_Lab","","SE346","SE346_Lab","JavaScript","True","43","0"
"234","SE346_Lab","SE346 exercises","https://github.com/nbminh24/SE346_Lab","","SE346","SE346_Lab","JavaScript","True","43","0"
"235","UIT.SE114.Company-Management","","https://github.com/hotrungnhan/UIT.SE114.Company-Management","","SE114","UIT.SE114.Company-Management","Kotlin","True","27","0"
"236","SE347_LAB_7_8","","https://github.com/kazei1211/SE347_LAB_7_8","","SE347","SE347_LAB_7_8","HTML","True","37","1"
"237","SE347_LAB_7_8","","https://github.com/kazei1211/SE347_LAB_7_8","","SE347","SE347_LAB_7_8","HTML","True","37","1"
"238","UIT_OCM","UIT SE114 Final Project - Group: 3Guyz","https://github.com/khaph/UIT_OCM","","SE114","UIT_OCM","Java","True","27","0"
"240","UIT-SE301.M11-BlockCommerce","","https://github.com/Thomg102/UIT-SE301.M11-BlockCommerce","","SE301","UIT-SE301.M11-BlockCommerce","JavaScript","True","30","0"
"241","IT007_UIT","Course note for IT007 at UIT","https://github.com/chisphung/IT007_UIT","","IT007","IT007_UIT","TypeScript","True","20","2"
"242","Dungeon_Escape_Game","A game project for UIT class SE114.L22.PMCL","https://github.com/Moonbanner/Dungeon_Escape_Game","","SE114","Dungeon_Escape_Game","ASP.NET","True","27","0"
"244","IT001_NhapMonLapTrinhUIT","","https://github.com/Mercury9999/IT001_NhapMonLapTrinhUIT","","IT001","IT001_NhapMonLapTrinhUIT","C++","True","11","0"
"245","IT001_NhapMonLapTrinhUIT","","https://github.com/Mercury9999/IT001_NhapMonLapTrinhUIT","","IT001","IT001_NhapMonLapTrinhUIT","C++","True","11","0"
"247","IT001","Lab06.01 UIT IT001","https://github.com/duyyeubongchuyen/IT001","","IT001","IT001","C++","True","11","0"
"248","SE360-UIT_Go","","https://github.com/khoilv2005/SE360-UIT_Go","","SE360","SE360-UIT_Go","JavaScript","True","1051","1"
"249","IT008TH","Mini Project Thực hành cuối kỳ Lập trình trực quan IT008 UIT","https://github.com/PhuThien2005/IT008TH","","IT008","IT008TH","","True","22","0"
"250","MasterLibrary","Đồ án của môn Lập trình trực quan - IT008 - UIT - Quản lý thư viện","https://github.com/HuynhNhan0330/MasterLibrary","","IT008","MasterLibrary","C#","True","22","1"
"251","IT001_UIT","Code for my college","https://github.com/LowTechTurtle/IT001_UIT","","IT001","IT001_UIT","C++","True","11","0"
"252","Snake-Game","[UIT-SS004.P12] Đồ án môn học SS004.P12 được thực hiện bởi Nhóm xx","https://github.com/ckietlam/Snake-Game","","SS004","Snake-Game","","True","69","0"
"253","Snake","Bài tập SS004.9 môn Kĩ năng Nghề nghiệp UIT","https://github.com/25520509-25521798-25521416/Snake","","SS004","Snake","C++","True","69","0"
"254","se102-mario","A Mario clone using DirectX for class (SE102 VNUHCM-UIT) ","https://github.com/thaiminh2022/se102-mario","","SE102","se102-mario","C++","True","26","2"
"255","SS004_Tetris_Project_Nhom9","Đồ án cuối kì môn Kỹ năng nghề nghiệp - Tetris game (SS004 - UIT)","https://github.com/23730050TranHuynhThien/SS004_Tetris_Project_Nhom9","","SS004","SS004_Tetris_Project_Nhom9","C++","True","69","0"
"256","-SE104.L23","A project for [SE104.L23]Software engineering - UIT","https://github.com/Anhvu210103/-SE104.L23","","SE104","-SE104.L23","","True","24","1"
"257","IT005---NHAP-MON-MANG-MAY-TINH---UIT","","https://github.com/ThisIsHHanh/IT005---NHAP-MON-MANG-MAY-TINH---UIT","","IT005","IT005---NHAP-MON-MANG-MAY-TINH---UIT","HTML","True","19","0"
"259","uit-se104-project-frontend","Đồ án môn học Nhập môn công nghệ phần mềm - Frontend","https://github.com/phuctinh542001/uit-se104-project-frontend","","SE104","uit-se104-project-frontend","TypeScript","True","24","0"
"260","UIT_IT001_Introduction_to_Programming","Some my codes do at UIT","https://github.com/karasuma-2401/UIT_IT001_Introduction_to_Programming","","IT001","UIT_IT001_Introduction_to_Programming","C++","True","11","1"
"261","IT003-DSA-Lab","Store DSA assignments.","https://github.com/SangHq005/IT003-DSA-Lab","","IT003","IT003-DSA-Lab","","True","17","1"
"262","functional-dependency","A small web app for the IT004-Database course in UIT-VNHCM","https://github.com/thuanvonb/functional-dependency","","IT004","functional-dependency","JavaScript","True","18","0"
"263","ENG03","ENG03 - Anh văn 3 (cô Thy & cô Tiên)","https://github.com/KevMi-UIT/ENG03","","ENG03","ENG03","HTML","True","14","0"
"264","24521736_Lab5_IT008","Bài tập thực hành Lab 5 Lập trình trực quan","https://github.com/DonThuanUIT-24521736/24521736_Lab5_IT008","","IT008","24521736_Lab5_IT008","C#","True","22","0"
"265","IT012","To chuc cau truc may tinh UIT","https://github.com/locluclak/IT012","","IT012","IT012","Assembly","True","21","0"
"266","IT002-OOP","Lập trình hướng đối tượng - Đại học Công nghệ Thông tin (UIT)","https://github.com/doxuantu110/IT002-OOP","","IT002","IT002-OOP","C++","True","16","0"
